Dataset,Accuracy
1,90.86538461538461%
2,90.7451923076923%
3,92.54807692307693%
4,93.14903846153845%
5,92.78846153846155%
