Dataset,Accuracy
1,93.26923076923077%
2,94.95192307692307%
3,93.14903846153845%
4,94.59134615384616%
5,93.6298076923077%
