Dataset,Accuracy
1,91.34615384615384%
2,91.22596153846155%
3,92.1875%
4,93.38942307692307%
5,93.02884615384616%
