Dataset,Accuracy
1,94.47115384615384%
2,94.11057692307693%
3,95.1923076923077%
4,94.95192307692307%
5,94.35096153846155%
