Dataset,Accuracy
1,94.59134615384616%
2,94.11057692307693%
3,95.07211538461539%
4,95.1923076923077%
5,95.1923076923077%
