Dataset,Accuracy
1,91.82692307692307%
2,92.66826923076923%
3,91.46634615384616%
4,92.1875%
5,94.23076923076923%
