Dataset,Accuracy
1,93.50961538461539%
2,94.83173076923077%
3,93.02884615384616%
4,94.35096153846155%
5,93.14903846153845%
