Dataset,Accuracy
1,91.82692307692307%
2,92.78846153846155%
3,91.70673076923077%
4,92.42788461538461%
5,93.50961538461539%
