Dataset,Accuracy
1,93.6298076923077%
2,91.94711538461539%
3,93.50961538461539%
4,93.14903846153845%
5,92.78846153846155%
