Dataset,Accuracy
1,93.99038461538461%
2,93.02884615384616%
3,93.38942307692307%
4,93.38942307692307%
5,92.78846153846155%
